,A,C,D,E,F,G,H,I,K,L,M,N,P,Q,R,S,T,V,W,Y
S. cerevisiae,0.524935796512966,9.3477181646216,1.12605252993998,1.35036751028652,1.851893592944,1.29249757038299,3.1939255244416,0.564155804548928,1.06466016842036,0.420702088521844,5.946118164388,0.796895695352156,2.06718038214297,1.26251010698295,1.90783691735293,0.0410428411518492,0.369601260608014,0.438919034272119,6.7345358173765,1.69396756287348
S. pombe,0.345876701361088,8.7419268748332,1.80971443821724,1.60288230584467,2.34427542033627,1.35414998665599,2.45342941019484,0.480918067787564,1.15105417667468,0.292500667200427,6.0587136375768,0.414998665599148,1.59354149986656,1.95356285028022,1.3231918868428,0.107018948492127,0.382973045102749,0.295703229250066,6.16092874299439,2.27488657592741
U. maydis,0.0569444444444444,9.6777777777778,1.0515625,1.80850694444444,1.55746527777778,0.822222222222226,4.01736111111111,0.20086805555556,2.24947916666667,0.303819444444444,7.3569444444444,0.49982638888889,1.13541666666667,1.29166666666667,1.1875,0.122395833333333,0.410590277777778,0.439930555555556,6.9407986111112,2.10920138888887
C. cinerea,0.184266856938994,10.5219407777382,1.42731002497324,1.8295576168391,2.22422404566536,0.791295041027466,4.0342490189083,0.83731716018551,4.45656439529076,0.502051373528362,8.8293792365323,1.76721369960757,1.27675704602212,2.46423474848377,1.1376204067071,0.398769175882982,0.387263646093472,0.46325365679629,6.0082054941135,2.95388869068855
S. punctatus,0.215772462831286,10.5597931480284,1.13432449903038,1.55151906916613,2.65869424692954,0.982029734970912,3.92734324499035,0.73406593406594,1.92281835811248,0.414091790562379,7.8752424046541,1.33445378151261,1.98422753716872,1.62650290885585,1.3212669683258,0.40387847446671,0.252100840336135,0.416806722689075,7.9096315449257,3.28610213316094
A. macrogynus,0.176805111821086,11.6516293929713,1.77833865814697,4.43399361022364,4.38683706070284,1.0532268370607,5.13597444089455,1.92281150159744,8.40421725239613,1.14907348242812,7.6695207667731,2.94760383386583,1.93137380191694,4.24722044728434,1.87463258785942,0.607987220447284,0.716805111821085,0.693610223642173,8.1150159744409,5.5682428115016
A. queenslandica,1.2904457605985,10.1420667082294,1.68309694513716,2.73402431421446,4.58291770573566,2.28031483790524,5.0662796134663,1.5096243765586,4.84581514962593,0.746415211970075,8.4118999376558,2.57929395261846,4.16369233167082,3.0881779925187,2.96200903990025,0.85960879052369,1.07968360349127,0.85454332917706,5.5492908354115,4.68691552369074
B. floridae,1.75044867193108,14.7474425699928,2.43426956209619,3.17278356066045,4.74318018664752,1.33982412060302,6.10283560660444,3.90506101938263,5.11584709260588,1.41093862167983,6.7370782483848,3.43494256999283,3.19867193108399,3.03423366834171,2.22357322325915,0.86580222541278,0.906317300789659,2.01556891600862,8.9484924623115,4.76879935391237
C. lupus,0.395404418397839,13.7085693001309,5.81377055748136,6.05270205238421,7.46093374561551,0.903891972536849,-1.7561743685173,4.21085356777077,5.4098111377565,0.221984714443782,9.18097260868525,2.56688349813492,4.27502147349849,2.25379466310636,2.98975342319772,0.278814197498182,0.130475910730949,0.55927039678843,3.6600928140754,3.10267030162046
C. teleta,1.40808253812902,11.2909632167033,2.33402658836963,2.65969333659571,4.09428268493598,2.2884348748063,4.5044042084659,2.35298915259767,3.41990865345404,1.23370850664709,7.0684283500531,2.12152352989152,3.59097952858658,3.266495391893,2.19741456651171,0.992007177228614,1.26188728488704,1.20010602724084,6.0059946170786,5.12825218171433
G. gallus,0.349079647962934,11.7390334328563,1.85080086721383,2.19604005506443,2.18779574813563,0.799876536041214,5.47223579779191,2.46263127753713,3.41463959357925,0.420218757636891,5.12971668541361,2.80983087174634,2.06256993455673,2.05040488244525,1.42343469877249,0.235350861763116,0.718476213677202,0.795033187894983,5.11591024664011,2.61642401571199
H. robusta,1.75910652920962,10.817067583047,1.97594501718213,3.0422107674685,2.42073310423825,3.93900343642611,5.5960481099657,1.2176403207331,1.76431844215349,1.07915234822452,8.735910652921,1.44553264604811,5.12972508591065,4.6061282932417,2.60349369988545,0.46815578465063,1.14215349369988,1.19123711340206,5.4604810996564,3.66821305841922
H. vulgaris,0.773738746390351,8.9471717343298,1.23611347035841,1.95940207236283,1.66723288602005,2.02395107864787,3.51469339222018,0.678613895022932,1.22150501104128,0.476473585867165,3.9835230168167,0.584168506879563,3.57278749787668,2.52386614574486,2.15152029896382,0.494479361304569,0.708510276881263,0.566502463054187,6.1630711737727,1.93018515372856
I. scapularis,0.625409770528504,10.6529943231791,2.88942192372272,3.336211721436,4.24250419764932,1.09114895658431,4.6553130247062,6.02150795554491,5.27592548173023,1.18293755496921,9.3480450947469,3.81738226593108,1.69840889102103,3.2536179739346,1.57000079955226,0.665067562165188,1.12520988246582,0.978731910130328,5.93179819301199,5.9744143279764
L. gigantea,4.99403132187055,14.7289453510021,3.97754900887088,5.24312780637389,5.04298543423502,4.97316832767495,7.545175774833,1.99660497207315,4.38539042821158,1.59396561165261,11.1941189354945,2.98844595334575,5.65370715146205,4.98083451976782,5.07507392399518,1.55415617128464,2.34136458219253,2.43511115978535,7.4186836053006,5.82898915781408
L. unguis,0.462859424920128,13.4005147319844,1.30981540646078,1.82157436989705,2.76672878949237,0.677804401845935,4.68290734824276,1.23504614838481,2.1875665601704,0.906549520766773,6.3285853745119,1.09012247071353,2.6257543485978,2.39727547035854,1.87819488817892,0.4177760028399,0.48619985800497,0.71556620518282,7.1769169329074,2.95070110046148
M. yessoensis,6.15503188245079,15.1275852509011,5.54033823121708,7.81630163570835,8.16451344607709,5.60349320765179,8.76562240088717,3.67125034654838,7.53462711394511,3.24097588023288,9.17449403936787,5.08805101192126,6.51061824230663,7.22888827280289,5.60083171610757,2.62168006653729,2.51799279179374,3.2314388688661,9.5128361519268,7.06060438037146
N. vectensis,4.42419272747837,15.248091387208,6.62472431148561,7.90612452638127,8.19849573036248,4.88050670135158,7.6714358423344,4.58265000282758,6.27020301984957,2.27913815529039,9.1525759203755,5.86619917434825,6.32975173895832,6.30498218628065,4.8894418367924,2.29683877170164,2.8689701973647,3.76423683764068,7.7735678335124,6.30175875134305
S. purpuratus,0.756521739130435,12.5425818018826,1.55073957866428,2.15481846705513,3.05562528014343,1.1001792917974,5.82169430748544,1.56243836844465,4.52312864186463,1.00170327207531,6.10224114746752,1.38341550874048,2.40645450470641,2.4952487673689,2.22442850739579,0.43325862841775,0.793097265800085,1.08260869565217,6.9071268489466,3.57512326311072
T. adhaerans,0.443487179487179,8.9067692307693,1.50615384615384,2.93158974358974,1.87517948717949,1.25046153846154,3.6694358974359,0.446051282051282,1.13076923076923,0.284820512820513,4.7687179487179,0.688512820512817,2.5923076923077,2.42143589743589,1.40512820512821,0.387076923076924,0.50728205128205,0.794461538461543,5.7398974358974,2.34615384615385
X. tropicalis,0.478003769715837,9.14659209503976,1.01958699802495,1.21469484841001,2.00246823846825,0.717632344534799,4.30813459658204,1.05142309408106,1.5906761168422,0.32310773720891,4.60146065483472,0.97923132198403,1.84368281335043,1.30887859944961,1.20231167331683,0.136349678477368,0.545382432175758,0.380313825713786,6.8669341783658,2.17909734623057
D. melanogaster,0.803475785767342,11.6268615579998,1.80376925078416,2.22202535176557,2.12155213334828,1.56719418132151,6.25015221978323,1.08796615615562,2.67869564142284,1.02422228992177,7.06691808109856,1.56918363102841,2.18200634356758,2.2452099563338,2.36718158837298,0.494632125452162,0.892573154056425,0.697145943313256,7.4705411133722,2.26442833778775
C. elegans,0.890295351296355,9.8491268221356,2.48415286402913,2.49879433379573,3.63010610802633,1.97169292843003,5.9861338660484,1.90245782896853,2.76672200730788,1.54947826874223,6.36694339451789,1.24260836635648,2.48922136402596,2.32830166900523,2.84297069730915,0.540001414982582,0.967918808306528,0.954507165774226,3.8578697791072,4.19397017090676
D. rerio,0.569540173494687,12.3601189166425,1.66873987092895,1.55631308292548,2.75806565587292,1.05062616231206,6.66417110443629,1.41262275821929,1.95047378352543,0.36137991160592,6.40072207544296,1.30122981827277,2.76332114291624,1.83859809575605,0.921226400366814,0.401430600270019,0.868613708645436,0.830080414970773,9.2879663111371,3.05782633966873
M. musculus,1.14389594042714,8.53261393861718,1.85346229762238,2.28421818270911,2.31116593088727,1.22618716206594,3.31700959652338,2.59332699383967,3.47376154009883,0.509510924907626,6.34903261470426,2.53434550852999,2.60061266459332,1.88481752517805,1.2293921283089,0.298984302862419,0.928705502956136,1.04762353207799,7.6779394808046,3.3561029876778
R. norvegicus,0.487625734857534,8.82443694645706,1.46365885243253,2.10961320574687,2.33911295674644,0.900300004193167,3.34195329452767,2.46429021501053,3.21786252217234,0.382180921725408,6.18498121270712,2.55493727630328,2.04283020188514,1.92552486574537,1.103791663771,0.518002649939266,0.625696934342395,0.402426793716262,7.39754029823211,3.2273331804095
H. sapiens,0.653926518005703,8.07470068182999,2.21537059517753,1.68625129282886,2.35158189559955,0.772022339001852,3.75728611662244,3.70134285314748,3.84958480856,0.546166741314656,7.3123901813237,3.9524363955222,1.80310883541706,1.75683197987409,1.06083912446353,0.351969490927737,0.868017288609389,0.804977906221857,6.856345518182,3.71723561269791
